puzzle_id,fen_string,solution_moves,difficulty_elo,tag_id
1,neque vestibulum eget,lorem integer tincidunt ante vel ipsum praesent blandit lacinia erat,425,239
2,ipsum integer,pellentesque at nulla suspendisse potenti,598,205
3,eu massa,duis bibendum felis sed,726,161
4,nonummy maecenas tincidunt lacus at,in ante vestibulum ante ipsum primis in faucibus orci luctus,349,172
5,at dolor quis odio,lectus in quam fringilla,1718,176
6,magna vestibulum aliquet ultrices erat,platea dictumst morbi vestibulum velit,1659,198
7,ante ipsum primis in faucibus,neque sapien placerat ante nulla justo,403,108
8,nec nisi vulputate nonummy,sapien ut,1902,82
9,dui vel nisl,ante ipsum primis in faucibus orci luctus et ultrices posuere,2602,134
10,orci luctus et,in magna bibendum imperdiet,2373,262
11,ac enim in,vestibulum ante ipsum,415,150
12,praesent blandit nam,nullam sit amet turpis elementum ligula vehicula consequat,648,264
13,integer ac leo pellentesque ultrices mattis,sit amet diam in magna bibendum,1083,202
14,habitasse,et magnis dis parturient montes nascetur ridiculus mus,407,174
15,elit proin interdum,parturient montes nascetur ridiculus mus etiam vel,1887,34
16,libero ut massa,non mauris morbi non,2384,32
17,justo lacinia eget tincidunt,libero rutrum ac lobortis vel dapibus,598,197
18,dolor vel est donec odio justo,dolor vel est donec odio justo sollicitudin ut suscipit,2546,151
19,pellentesque ultrices phasellus,sapien in sapien iaculis congue,2363,179
20,orci mauris lacinia sapien,amet nunc viverra dapibus nulla suscipit ligula,1302,31
21,mauris sit amet eros suspendisse accumsan,nunc viverra dapibus nulla suscipit,1713,157
22,ac lobortis vel dapibus,eu sapien cursus vestibulum proin eu mi,2030,249
23,potenti nullam,in hac habitasse platea dictumst etiam faucibus cursus urna,2501,210
24,ligula nec sem,libero ut massa volutpat convallis,2680,118
25,purus,facilisi cras non velit nec nisi,811,190
26,proin leo odio,nulla ac enim in tempor turpis nec euismod,494,291
27,lorem quisque ut erat,risus auctor sed tristique in tempus sit amet sem fusce,1022,267
28,interdum,magna bibendum imperdiet nullam orci pede venenatis,990,2
29,sit amet nulla quisque arcu libero,morbi non quam,752,21
30,scelerisque quam turpis adipiscing,pede ac diam cras pellentesque volutpat dui,2355,225
31,sapien a libero nam dui,sit amet turpis elementum ligula,625,300
32,convallis duis consequat dui nec nisi,justo lacinia eget tincidunt eget tempus vel,1593,188
33,amet,libero nullam sit amet,683,260
34,non mattis,nonummy maecenas tincidunt lacus at velit vivamus vel nulla,1293,83
35,rhoncus,cras mi pede malesuada in imperdiet et commodo,968,13
36,sagittis sapien,nulla integer pede justo lacinia eget tincidunt eget tempus vel,1299,259
37,sapien arcu,morbi odio odio elementum eu interdum eu tincidunt,422,157
38,orci luctus et,morbi porttitor lorem,637,156
39,libero nullam sit amet turpis,aenean fermentum donec ut mauris eget massa tempor,363,141
40,magna ac consequat,eu felis fusce posuere felis sed lacus,242,3
41,et eros,curabitur convallis duis consequat dui,2963,224
42,justo maecenas rhoncus aliquam lacus morbi,nulla,950,279
43,velit donec diam neque,suscipit nulla elit ac nulla sed,1725,201
44,eu felis fusce posuere,rhoncus dui vel sem sed sagittis nam congue risus,1115,164
45,blandit mi in porttitor pede justo,felis eu sapien cursus vestibulum,776,15
46,mauris laoreet ut rhoncus aliquet,semper porta volutpat quam pede lobortis ligula,466,248
47,habitasse platea dictumst maecenas ut massa,quisque ut,1141,132
48,odio odio elementum eu,in,1529,202
49,duis ac nibh fusce lacus,ullamcorper augue a suscipit nulla elit ac nulla sed vel,1742,264
50,sed interdum,scelerisque mauris sit amet eros,2964,203
51,nisi venenatis tristique,risus,1530,19
52,venenatis non sodales sed tincidunt eu,augue vel accumsan tellus nisi eu,1301,149
53,nisl ut,pellentesque ultrices mattis odio donec vitae nisi nam ultrices libero,1298,66
54,rutrum nulla,ut,529,97
55,id nulla ultrices aliquet maecenas,quis lectus suspendisse,1210,70
56,ante,morbi vel lectus in quam,116,247
57,vulputate nonummy maecenas,velit id,1388,151
58,consectetuer,ultrices posuere cubilia curae donec pharetra magna vestibulum aliquet,2056,26
59,nisi volutpat eleifend donec ut dolor,scelerisque quam turpis adipiscing lorem,727,185
60,rhoncus,phasellus,297,172
61,in felis eu sapien cursus,cum sociis,2997,9
62,a feugiat et eros vestibulum ac,fusce posuere felis sed lacus morbi sem mauris laoreet,1703,179
63,adipiscing lorem vitae mattis nibh ligula,eget orci vehicula condimentum curabitur in libero ut,2565,46
64,turpis a pede posuere,erat tortor sollicitudin mi sit,976,79
65,non,luctus et ultrices posuere,1363,6
66,duis bibendum,eu,1723,90
67,primis in faucibus orci,orci,535,237
68,primis in faucibus orci,donec ut mauris eget massa tempor,2096,149
69,placerat ante,ut volutpat sapien arcu sed augue aliquam erat volutpat in,227,82
70,nec sem duis aliquam convallis,quis tortor id nulla ultrices aliquet maecenas,1960,241
71,enim blandit mi in porttitor,aliquam non mauris morbi non lectus aliquam sit amet diam,1000,124
72,arcu sed augue aliquam erat volutpat,duis faucibus,1313,283
73,blandit lacinia erat,nulla eget,3000,177
74,volutpat sapien arcu sed augue aliquam,elementum in hac habitasse platea dictumst morbi vestibulum velit id,1266,144
75,morbi sem mauris,in faucibus orci luctus et ultrices posuere cubilia curae,635,167
76,fringilla rhoncus mauris enim leo rhoncus,bibendum felis,1678,141
77,odio curabitur convallis duis consequat,congue etiam justo etiam pretium iaculis justo in,1369,46
78,maecenas pulvinar,ornare consequat,622,43
79,ut volutpat sapien arcu,orci vehicula condimentum curabitur in libero ut massa volutpat,2126,134
80,habitasse platea dictumst morbi,sapien sapien non mi integer,1660,231
81,sollicitudin,in hac habitasse platea dictumst morbi vestibulum velit,815,5
82,posuere cubilia curae mauris viverra diam,et ultrices posuere cubilia curae,177,157
83,eget rutrum at,mauris enim leo,2842,12
84,dui maecenas tristique est,at velit vivamus vel nulla eget eros elementum pellentesque,279,247
85,et magnis dis parturient,integer ac neque duis bibendum morbi non quam nec,1181,277
86,praesent blandit,pulvinar sed nisl nunc rhoncus dui vel,2796,233
87,sapien varius ut blandit non interdum,quam pharetra magna ac consequat metus,2883,212
88,quis turpis eget elit,aliquet at feugiat non pretium quis lectus suspendisse,285,264
89,molestie hendrerit at vulputate vitae nisl,amet eros suspendisse accumsan tortor quis turpis sed ante,1767,12
90,venenatis,ut suscipit a feugiat et eros vestibulum ac est lacinia,1118,80
91,mauris ullamcorper purus,vivamus metus arcu adipiscing molestie hendrerit at vulputate vitae nisl,2355,159
92,quam pharetra magna ac,diam in magna bibendum imperdiet nullam orci,478,40
93,tortor quis turpis sed ante vivamus,ut erat id mauris vulputate elementum nullam varius nulla facilisi,306,249
94,risus dapibus augue vel accumsan tellus,accumsan odio curabitur convallis duis consequat dui nec,1625,284
95,justo in blandit ultrices enim,libero,873,42
96,pede libero quis orci,sapien quis libero nullam sit amet turpis elementum,2584,280
97,vestibulum ante ipsum primis,ante vivamus tortor duis mattis egestas metus aenean fermentum donec,2784,86
98,phasellus id sapien,amet diam in magna bibendum imperdiet,84,28
99,in lectus pellentesque at nulla suspendisse,suspendisse,766,118
100,amet consectetuer adipiscing elit,in,987,1
101,at turpis donec posuere,sociis natoque penatibus et,1203,95
102,adipiscing lorem vitae mattis nibh,sit amet consectetuer adipiscing elit proin,1983,141
103,at nulla suspendisse potenti cras in,luctus cum sociis natoque penatibus et magnis dis parturient montes,297,15
104,ante vestibulum ante ipsum primis in,consequat dui nec,327,93
105,tincidunt in leo maecenas pulvinar,eget tempus vel pede morbi porttitor lorem id ligula,2395,66
106,etiam faucibus cursus,mi sit amet lobortis sapien,1060,166
107,sapien,integer a nibh in quis justo maecenas rhoncus,359,43
108,at ipsum,elementum nullam varius nulla facilisi cras,1374,142
109,vel lectus in quam fringilla,nulla ac,2244,91
110,ultricies eu nibh quisque id,tortor id,618,257
111,risus dapibus augue vel,nibh fusce lacus purus,110,209
112,ac tellus semper interdum,est donec odio justo sollicitudin ut suscipit a feugiat,1944,292
113,condimentum,eu mi nulla ac enim,1895,156
114,ante vivamus tortor duis mattis egestas,facilisi cras non velit nec nisi vulputate nonummy,1516,289
115,convallis,id turpis integer aliquet massa id lobortis convallis,369,99
116,nec sem,convallis duis consequat dui nec nisi volutpat eleifend donec ut,2131,204
117,lectus in,dui maecenas tristique est et tempus semper est,512,168
118,sollicitudin,facilisi cras non velit nec nisi vulputate nonummy maecenas tincidunt,1001,240
119,massa id lobortis convallis tortor risus,lectus pellentesque at,806,70
120,ultrices,posuere nonummy integer non velit donec diam neque vestibulum,2373,11
121,pede venenatis non,augue vestibulum ante ipsum,2333,207
122,in est,nulla nisl nunc nisl,2583,214
123,praesent lectus,nisl venenatis lacinia aenean sit,13,263
124,ultrices posuere cubilia curae duis,quis turpis sed,675,48
125,eget tempus vel pede morbi porttitor,odio donec vitae nisi,1877,261
126,sapien in sapien iaculis congue vivamus,nunc rhoncus dui vel sem sed,2897,74
127,nulla nisl nunc,pede ac,1730,162
128,pretium nisl ut volutpat sapien arcu,lectus vestibulum quam sapien varius ut blandit non interdum in,1463,62
129,vestibulum velit id pretium,ipsum praesent blandit lacinia,2331,212
130,facilisi cras,vivamus vestibulum sagittis sapien cum,168,162
131,eget congue eget semper rutrum,odio donec vitae nisi nam ultrices libero,1836,212
132,blandit mi in porttitor pede,mi nulla ac enim in tempor turpis nec euismod scelerisque,2443,74
133,at vulputate vitae nisl aenean lectus,sagittis dui vel nisl,1891,267
134,sagittis nam congue risus semper,sed,2843,72
135,sapien,duis faucibus accumsan odio curabitur convallis,259,2
136,id,cras mi pede malesuada in imperdiet et,2453,116
137,sit amet erat nulla tempus,curabitur convallis duis consequat dui nec nisi volutpat eleifend,1463,287
138,vestibulum eget vulputate ut,duis bibendum morbi non quam nec dui luctus,1612,288
139,nisl ut volutpat sapien,platea dictumst maecenas ut,1455,120
140,a feugiat et,cubilia curae mauris viverra,1032,178
141,et magnis,dolor quis odio,2718,152
142,nisi vulputate nonummy,pharetra magna ac consequat metus,337,191
143,ut rhoncus aliquet,sit amet lobortis sapien sapien non mi,1686,84
144,ultrices erat tortor,ut erat curabitur gravida nisi at nibh in hac habitasse,542,110
145,enim sit,nulla sed accumsan felis ut at dolor quis odio,377,31
146,nec,volutpat in congue etiam justo etiam pretium iaculis justo,520,161
147,posuere metus vitae ipsum aliquam non,augue luctus tincidunt,1613,280
148,at feugiat non pretium,fermentum justo nec condimentum neque,2803,62
149,faucibus accumsan odio curabitur,ante ipsum primis in faucibus orci luctus et ultrices,2712,143
150,elit ac,rhoncus aliquam lacus morbi quis tortor id nulla,2382,204
151,ipsum primis in faucibus orci luctus,tempus vivamus in felis eu,1505,203
152,cubilia curae mauris viverra diam vitae,in,2723,260
153,donec posuere metus vitae ipsum aliquam,cras pellentesque volutpat dui maecenas tristique,1083,161
154,feugiat non pretium quis lectus,elit proin interdum mauris non ligula pellentesque ultrices,139,20
155,pellentesque volutpat dui,nibh in quis justo,475,28
156,in,ut,111,212
157,et tempus semper est quam,sapien urna,1118,129
158,donec quis orci eget orci,eleifend pede libero quis orci nullam,2127,181
159,hac habitasse platea dictumst,nulla nisl nunc nisl duis bibendum,1102,258
160,accumsan odio curabitur convallis duis consequat,dis,762,244
161,enim leo rhoncus,potenti in eleifend quam a odio,2363,9
162,lobortis convallis tortor,in faucibus orci luctus et ultrices posuere,1688,74
163,volutpat convallis morbi odio odio elementum,in faucibus orci luctus,441,171
164,convallis eget eleifend,imperdiet,1102,118
165,eros vestibulum ac,odio,414,114
166,dui vel,tempus sit amet sem fusce consequat nulla,611,288
167,nisl nunc rhoncus dui,rutrum nulla tellus in,1701,137
168,arcu,vestibulum ante ipsum primis in faucibus orci luctus et,521,68
169,consequat,amet diam in magna bibendum imperdiet nullam orci pede,1993,17
170,diam erat,quis turpis eget elit sodales scelerisque mauris sit amet eros,2495,183
171,faucibus cursus urna ut tellus,dui proin leo odio,1991,122
172,congue vivamus,cubilia curae nulla dapibus dolor vel est donec odio justo,1177,27
173,vitae nisi nam,aliquet pulvinar sed nisl nunc,2597,201
174,ante,neque duis,10,253
175,integer tincidunt ante vel ipsum,posuere nonummy integer non velit donec diam,407,92
176,ut tellus nulla ut erat,amet sem,1139,202
177,vulputate justo in,sit amet sem fusce consequat nulla nisl nunc nisl duis,1447,296
178,turpis integer aliquet massa id lobortis,integer,2839,155
179,facilisi cras,pharetra magna ac consequat metus,284,106
180,massa id lobortis convallis,dui vel nisl duis ac nibh fusce lacus,285,105
181,amet eros suspendisse accumsan,ligula in lacus curabitur at ipsum ac,1951,152
182,interdum mauris non ligula pellentesque ultrices,ut odio,2353,199
183,in hac,risus semper porta volutpat,2459,169
184,amet consectetuer adipiscing elit,quis libero,1268,234
185,mi pede,adipiscing molestie hendrerit at vulputate vitae nisl aenean lectus,454,280
186,rutrum at lorem,ultrices posuere cubilia curae donec pharetra,1623,164
187,ante nulla,aliquet ultrices,2436,95
188,cubilia curae mauris viverra,in faucibus orci luctus et ultrices posuere cubilia curae,1723,127
189,erat,nam dui proin leo odio,2909,80
190,luctus tincidunt,lectus aliquam sit amet diam in magna bibendum imperdiet,1012,107
191,sapien varius ut blandit non,vestibulum aliquet,1184,151
192,sed,sagittis sapien cum sociis natoque penatibus et,1558,206
193,sed nisl,facilisi cras non,2732,140
194,sem duis aliquam convallis,curabitur at ipsum ac tellus semper,1164,180
195,quam sollicitudin vitae consectetuer eget rutrum,sodales scelerisque,976,158
196,fermentum donec ut mauris eget,natoque penatibus et,1560,294
197,pede ac diam cras pellentesque,enim lorem ipsum dolor sit amet,2429,235
198,aliquam lacus morbi,leo odio condimentum id luctus nec molestie sed justo pellentesque,1362,80
199,sit amet diam in,dictumst,202,190
200,rutrum nulla nunc purus phasellus,congue diam id ornare imperdiet,2676,180
201,justo,quam suspendisse potenti,1552,53
202,nisl aenean lectus pellentesque eget,cum sociis natoque penatibus et magnis dis parturient montes nascetur,2065,135
203,justo eu massa,massa quis augue luctus,2618,175
204,parturient montes nascetur ridiculus,justo maecenas rhoncus,1489,243
205,auctor sed tristique,blandit,1228,238
206,penatibus et magnis dis,elementum in hac habitasse platea dictumst morbi vestibulum velit,69,130
207,quis libero nullam sit amet turpis,posuere felis sed lacus morbi sem,1398,128
208,accumsan tellus nisi,ligula suspendisse ornare consequat lectus in est risus auctor sed,540,211
209,tortor sollicitudin mi,molestie lorem quisque ut erat curabitur gravida nisi at,1115,246
210,a,turpis nec euismod scelerisque quam turpis adipiscing lorem vitae,1204,237
211,fermentum justo nec condimentum neque,at,737,297
212,et tempus semper,molestie sed justo pellentesque viverra pede,1018,85
213,donec ut dolor morbi vel lectus,feugiat et eros vestibulum ac,666,135
214,at velit eu est congue,molestie nibh in lectus pellentesque,1072,25
215,ut tellus nulla ut erat,at nulla suspendisse potenti cras in purus eu magna,1204,47
216,donec,pede venenatis non sodales,1543,21
217,sed augue aliquam erat,lorem vitae mattis nibh ligula,387,103
218,sodales sed tincidunt eu felis,integer ac neque duis bibendum morbi non quam,1377,194
219,aliquet ultrices erat tortor sollicitudin,nulla elit ac nulla sed vel enim sit amet,2940,170
220,in,vel ipsum praesent blandit lacinia erat,370,253
221,blandit ultrices enim lorem ipsum dolor,sed vel enim sit amet nunc viverra dapibus nulla suscipit,2860,120
222,sem,amet consectetuer adipiscing,2946,227
223,nibh in hac habitasse platea,vel,686,195
224,id massa id nisl,tempus semper est quam pharetra magna ac consequat metus sapien,427,291
225,ipsum,vel nulla eget,1167,39
226,sit amet,et,593,123
227,vivamus in felis eu,proin risus,1605,171
228,quam fringilla rhoncus mauris,sagittis nam congue,3000,214
229,in quis justo maecenas,est,1671,44
230,congue eget semper,lectus,2327,286
231,cursus urna ut tellus,accumsan felis ut at dolor quis odio consequat,700,97
232,id nulla,vitae nisi nam,1845,267
233,in faucibus orci,blandit nam nulla integer pede justo,1481,194
234,duis bibendum morbi non,nulla,1591,3
235,erat vestibulum,vitae,2869,36
236,ac est lacinia nisi venenatis tristique,praesent,2436,51
237,elementum,cursus vestibulum proin eu mi nulla ac enim in,1700,187
238,maecenas pulvinar lobortis est phasellus sit,in felis donec semper sapien a libero,2990,148
239,eu felis fusce posuere felis,vehicula condimentum curabitur in,2828,250
240,dui luctus rutrum nulla tellus,pellentesque ultrices,2497,207
241,ultrices aliquet maecenas,mauris laoreet ut rhoncus aliquet pulvinar sed nisl nunc,699,54
242,mauris non ligula pellentesque ultrices phasellus,posuere cubilia curae donec pharetra magna vestibulum,2907,35
243,ipsum praesent,amet turpis elementum ligula vehicula consequat morbi,1630,10
244,felis donec semper sapien a libero,donec posuere metus,767,182
245,augue quam,proin eu mi nulla ac,2182,285
246,sociis natoque penatibus et magnis,mauris non ligula pellentesque ultrices,2121,265
247,nulla,interdum mauris,52,42
248,at turpis a pede posuere nonummy,quam pharetra magna ac consequat metus sapien ut,96,282
249,augue,cubilia curae,1679,1
250,congue diam id ornare,non quam nec dui luctus rutrum nulla tellus,774,286
251,duis aliquam convallis,pulvinar nulla pede ullamcorper,1555,224
252,eu interdum,et ultrices posuere,40,226
253,phasellus,curabitur gravida nisi at nibh in hac,958,111
254,interdum,morbi odio odio elementum eu interdum eu tincidunt,2455,298
255,magna vulputate luctus cum sociis natoque,eleifend luctus ultricies eu nibh quisque id justo sit amet,148,168
256,porttitor pede justo eu massa,lorem,1813,277
257,odio consequat varius,amet,1253,127
258,urna ut,imperdiet nullam orci pede venenatis non sodales,2046,165
259,sociis natoque penatibus et magnis,id massa id nisl venenatis lacinia aenean sit amet,777,189
260,diam in magna bibendum,in,488,179
261,augue vestibulum rutrum,et,2775,13
262,lobortis vel,quisque id justo sit amet sapien dignissim vestibulum,2120,24
263,magnis dis parturient montes,in quis,1520,156
264,nunc nisl duis bibendum felis sed,duis aliquam convallis nunc,2917,144
265,lobortis est phasellus sit amet,ornare imperdiet sapien urna pretium nisl,716,261
266,massa id nisl venenatis lacinia aenean,mauris sit amet,13,216
267,aenean lectus pellentesque eget nunc donec,rutrum rutrum neque aenean auctor gravida sem,830,287
268,dictumst morbi vestibulum velit id,duis bibendum felis sed interdum venenatis turpis enim blandit,1693,61
269,congue elementum in hac habitasse,duis consequat dui nec nisi volutpat,374,196
270,ipsum primis,feugiat et eros vestibulum ac est,1107,42
271,ac nulla sed,donec semper sapien a libero nam dui,288,278
272,augue a suscipit nulla,laoreet ut rhoncus aliquet pulvinar sed nisl nunc rhoncus,1386,224
273,primis in,felis eu sapien cursus vestibulum proin eu,1743,65
274,varius integer,mattis odio donec vitae nisi,261,275
275,ligula pellentesque ultrices phasellus id,est et tempus semper est quam pharetra magna ac,334,196
276,habitasse,elit proin interdum mauris non ligula,140,256
277,etiam,magna vulputate luctus cum sociis natoque penatibus et magnis dis,1065,33
278,potenti cras,hendrerit at vulputate vitae nisl,968,250
279,aliquam erat volutpat,mattis nibh ligula,1463,54
280,accumsan odio curabitur convallis,quisque id justo sit amet sapien dignissim vestibulum,2897,99
281,erat,rutrum rutrum neque aenean auctor gravida sem praesent id,2755,92
282,in leo maecenas pulvinar lobortis est,imperdiet sapien urna,146,89
283,nunc donec quis orci,interdum mauris non ligula pellentesque ultrices phasellus id,326,160
284,libero ut massa volutpat convallis,tortor sollicitudin mi sit amet lobortis sapien sapien,646,54
285,nisl nunc rhoncus,lectus in quam,432,136
286,lacinia aenean sit,nunc commodo placerat praesent blandit nam nulla integer pede,964,235
287,eget eleifend luctus ultricies eu,ipsum integer,874,140
288,dapibus duis at velit eu est,in quis justo,1444,6
289,posuere nonummy integer non,potenti nullam porttitor lacus at turpis,527,282
290,augue luctus,vestibulum sed magna at nunc commodo,1581,152
291,mus,curae mauris viverra diam,405,50
292,cursus id turpis integer,dictumst etiam faucibus cursus,2890,47
293,orci mauris lacinia sapien quis,consequat nulla nisl nunc,2935,230
294,ut,justo sollicitudin,1048,79
295,eu massa,magna bibendum imperdiet nullam orci,1241,298
296,nulla suspendisse potenti cras in purus,magna vulputate luctus cum,1378,119
297,diam erat fermentum,vulputate justo in blandit ultrices,58,251
298,justo,eget tincidunt eget tempus vel pede morbi porttitor lorem id,427,274
299,sapien dignissim,posuere cubilia curae duis faucibus accumsan odio,131,298
300,sodales sed tincidunt,eu massa donec dapibus,16,151
301,interdum mauris ullamcorper purus sit amet,nisi,1401,31
302,quis turpis sed,turpis elementum ligula vehicula,2737,160
303,nec nisi vulputate nonummy maecenas tincidunt,fusce,1019,112
304,tincidunt lacus at velit,nullam,2044,293
305,sagittis,vel sem sed sagittis nam,1231,19
306,morbi porttitor lorem id,in lacus curabitur at ipsum ac tellus semper,763,18
307,justo morbi ut odio cras,pede libero quis,2880,78
308,quis augue luctus,ut odio cras mi pede,2322,10
309,pellentesque ultrices mattis odio donec vitae,at lorem,1545,246
310,tellus nisi eu,id lobortis convallis tortor risus dapibus augue vel accumsan tellus,2497,221
311,molestie,luctus,1692,227
312,condimentum id,nonummy maecenas tincidunt lacus,2654,9
313,accumsan felis,eleifend donec ut dolor morbi vel lectus in quam fringilla,350,154
314,sed sagittis nam congue,justo in hac habitasse platea dictumst etiam faucibus cursus,1303,300
315,nisi venenatis tristique fusce congue,nulla pede ullamcorper augue a suscipit,97,221
316,a suscipit nulla elit,libero,2248,225
317,erat curabitur gravida nisi,vel accumsan tellus nisi eu orci mauris,1499,154
318,justo pellentesque viverra pede ac,sapien iaculis congue vivamus metus arcu adipiscing molestie,2139,5
319,semper sapien a,dapibus duis at velit eu est congue,1350,19
320,duis consequat dui nec,orci,1102,193
321,adipiscing lorem vitae mattis nibh,donec,987,286
322,rhoncus aliquam lacus,justo,1647,229
323,ultrices libero non mattis,feugiat non pretium quis lectus suspendisse potenti,1891,260
324,blandit ultrices,nisl nunc rhoncus dui vel sem sed sagittis nam,2139,10
325,pellentesque ultrices phasellus,in purus eu magna,1679,102
326,aliquet massa,ante vivamus tortor duis mattis egestas,1661,67
327,odio in hac habitasse platea dictumst,nullam orci pede venenatis non,2676,278
328,mauris laoreet ut rhoncus,cras non velit nec nisi,743,22
329,aliquam convallis nunc,neque,1046,197
330,elit proin risus praesent lectus vestibulum,integer a nibh in quis justo maecenas,524,291
331,aliquam,eu est congue elementum,1195,22
332,varius nulla,nibh fusce lacus purus aliquet at feugiat non pretium,420,23
333,ultrices libero,venenatis non sodales sed tincidunt eu,25,9
334,amet eros suspendisse,vestibulum vestibulum ante ipsum,1282,295
335,diam nam tristique tortor,quam pharetra,448,81
336,nonummy integer non,morbi ut odio cras mi pede malesuada in imperdiet et,2500,122
337,quisque porta volutpat,tincidunt nulla mollis molestie lorem quisque,1141,26
338,massa tempor convallis nulla neque,ac consequat,2286,184
339,montes nascetur ridiculus,sem sed sagittis nam congue risus semper porta,2264,292
340,consectetuer adipiscing elit proin interdum,orci vehicula condimentum curabitur in libero ut,2712,215
341,mattis egestas metus,suscipit a feugiat,802,133
342,congue vivamus metus arcu adipiscing molestie,purus aliquet at feugiat non,2829,16
343,montes nascetur ridiculus mus vivamus,habitasse platea dictumst,329,191
344,ante vel ipsum,tincidunt nulla mollis molestie lorem quisque,1792,226
345,pede morbi porttitor lorem id,ultricies eu,2252,12
346,curae duis,imperdiet sapien urna pretium nisl ut volutpat,1393,2
347,hendrerit at,ac,1931,118
348,blandit,elementum pellentesque quisque porta volutpat erat,2851,278
349,leo rhoncus sed vestibulum sit amet,sed lacus,1033,151
350,felis sed interdum venenatis,nam ultrices libero non mattis pulvinar nulla pede ullamcorper,891,236
351,praesent blandit,porttitor lorem id ligula suspendisse,1513,289
352,vel sem sed,pretium iaculis,264,137
353,aliquet massa id,vitae consectetuer eget rutrum at lorem integer tincidunt ante,2842,3
354,integer,pede justo lacinia eget tincidunt eget tempus,1154,57
355,pellentesque volutpat dui maecenas tristique est,at velit vivamus vel nulla eget,2233,45
356,aliquet massa id lobortis convallis,blandit non interdum in ante vestibulum ante,2194,264
357,in sagittis dui vel nisl duis,ridiculus mus vivamus,1157,203
358,lectus pellentesque eget nunc donec,vel sem sed,1585,172
359,semper rutrum nulla nunc purus,ut blandit,1806,258
360,erat fermentum justo nec condimentum,nec,1585,298
361,iaculis justo in hac,vitae nisl aenean lectus pellentesque eget nunc donec quis orci,31,203
362,ridiculus mus,lectus in est risus,1931,30
363,tristique tortor,lobortis est phasellus sit,1648,108
364,consequat varius integer,sapien in sapien iaculis congue vivamus,2036,289
365,turpis nec euismod,suspendisse potenti,1082,28
366,cras in,amet lobortis sapien sapien non,1270,102
367,ultrices aliquet maecenas leo odio condimentum,in lectus pellentesque at nulla suspendisse,1426,55
368,in tempus sit amet sem,velit nec nisi vulputate nonummy maecenas tincidunt lacus at,1237,243
369,turpis enim blandit mi,pulvinar lobortis,337,39
370,sagittis sapien cum,sollicitudin ut suscipit a feugiat et eros vestibulum ac est,1465,148
371,sed,tristique fusce congue diam id ornare,2905,86
372,adipiscing lorem,scelerisque quam turpis adipiscing lorem vitae mattis nibh,1264,261
373,mus vivamus vestibulum sagittis,nam nulla integer pede justo lacinia eget tincidunt eget,907,97
374,luctus ultricies eu nibh quisque,lacus morbi sem,254,40
375,nibh,vestibulum ante ipsum primis in,1619,227
376,ut,vestibulum ante ipsum primis in faucibus orci,1904,279
377,semper rutrum nulla nunc purus,iaculis diam erat fermentum justo nec condimentum neque sapien,2526,121
378,ultricies eu nibh quisque id justo,lobortis est phasellus,1229,201
379,magna at nunc commodo placerat,magnis dis parturient montes,1993,61
380,molestie hendrerit at,interdum eu tincidunt in leo maecenas pulvinar lobortis est phasellus,536,153
381,dictumst morbi vestibulum velit id pretium,sagittis sapien cum sociis,2210,107
382,lacinia erat vestibulum sed,posuere cubilia curae donec pharetra magna,2153,251
383,urna pretium nisl ut volutpat sapien,lectus in quam fringilla rhoncus mauris enim leo,1459,110
384,cras in purus eu magna,auctor sed tristique in tempus,1148,185
385,nibh quisque id justo sit amet,odio odio elementum eu interdum eu tincidunt,2680,136
386,est quam,ante nulla justo aliquam quis,675,14
387,diam cras,amet,1296,267
388,euismod scelerisque,sed vel enim sit amet,1953,131
389,ultrices posuere,justo sit amet sapien dignissim vestibulum vestibulum,72,220
390,erat eros,sit amet diam in magna,423,13
391,nunc rhoncus dui vel sem sed,egestas metus aenean fermentum,1735,178
392,consequat ut nulla sed accumsan felis,in lacus curabitur at ipsum ac tellus,474,284
393,quam,eget vulputate ut ultrices,1332,247
394,ipsum ac tellus semper,volutpat eleifend donec ut dolor,124,49
395,congue,pede posuere nonummy,2759,247
396,est risus auctor sed,in sapien iaculis congue vivamus metus arcu adipiscing molestie,2982,137
397,eleifend pede libero quis orci nullam,nulla nunc purus phasellus in felis,2492,291
398,in ante vestibulum,interdum venenatis turpis,2658,36
399,nec,condimentum id luctus nec molestie sed,2769,117
400,sit amet,erat,2597,186
401,accumsan tellus nisi eu,suspendisse accumsan tortor quis turpis sed ante vivamus,2008,283
402,ut odio cras mi,felis eu sapien,226,244
403,in faucibus orci luctus et ultrices,quam sollicitudin,2073,118
404,amet sem fusce consequat nulla,ipsum praesent blandit lacinia erat vestibulum,1941,278
405,interdum mauris non ligula pellentesque ultrices,mauris sit amet eros suspendisse accumsan tortor quis,1389,275
406,dapibus at,vestibulum quam sapien varius ut blandit,2015,29
407,cubilia curae donec pharetra,eu interdum eu tincidunt in leo maecenas pulvinar lobortis est,250,268
408,in,mattis pulvinar nulla pede ullamcorper augue a suscipit nulla elit,372,89
409,diam,mauris enim leo,868,238
410,lectus suspendisse potenti in eleifend,nisi venenatis tristique fusce congue,1880,200
411,pede justo lacinia eget tincidunt eget,aliquam sit amet diam in magna bibendum imperdiet nullam orci,2270,276
412,pretium iaculis diam erat fermentum,aliquet,1635,78
413,feugiat non,mattis odio donec vitae nisi nam ultrices,2366,153
414,amet eleifend pede libero,lorem,2254,19
415,id ornare imperdiet sapien urna,in quis justo,1242,257
416,vestibulum,odio odio elementum,2196,228
417,et ultrices,pharetra magna ac,2550,291
418,sapien,purus aliquet at,1333,60
419,odio consequat varius integer,in felis eu sapien,2351,150
420,pharetra magna,eleifend quam a odio in,1027,67
421,ac enim,justo sit amet sapien dignissim vestibulum,844,130
422,eget tempus vel pede morbi porttitor,vulputate ut ultrices vel augue vestibulum ante,1401,279
423,lacinia,a suscipit nulla elit ac nulla sed vel,588,94
424,libero nullam sit amet,mattis pulvinar nulla pede ullamcorper augue a suscipit,1968,4
425,magna bibendum imperdiet nullam,pulvinar sed nisl nunc rhoncus,2987,40
426,ultrices enim lorem ipsum,imperdiet nullam orci pede venenatis,78,239
427,morbi ut odio cras mi,pede lobortis ligula sit,1621,146
428,nonummy maecenas tincidunt lacus,sed augue,1564,250
429,at diam nam tristique tortor,ultrices posuere cubilia curae donec,1160,39
430,interdum,eu tincidunt in leo maecenas pulvinar lobortis est phasellus,16,174
431,ut tellus nulla,in congue,2130,249
432,pellentesque quisque,purus phasellus in felis donec,2658,240
433,semper,blandit ultrices enim lorem ipsum dolor sit amet,56,163
434,integer aliquet massa id lobortis,in blandit ultrices enim lorem,245,247
435,orci vehicula condimentum,eget tempus vel,46,47
436,interdum venenatis turpis enim blandit mi,nunc rhoncus dui,2916,181
437,rutrum rutrum neque aenean auctor,metus aenean fermentum donec,118,98
438,id,luctus et ultrices posuere cubilia curae donec pharetra,2033,205
439,mauris vulputate elementum,interdum eu tincidunt in leo maecenas,2344,131
440,nulla elit ac,elementum pellentesque quisque porta volutpat erat quisque erat eros viverra,65,278
441,eget semper rutrum nulla nunc,libero,1250,197
442,nec condimentum neque,lorem ipsum dolor sit amet consectetuer adipiscing elit proin interdum,2135,82
443,hac habitasse platea,ridiculus mus etiam vel augue vestibulum rutrum rutrum,565,147
444,quis orci eget,consequat nulla nisl nunc,2808,70
445,praesent,neque aenean auctor gravida,1950,204
446,porttitor lacus,vel enim sit amet nunc viverra dapibus nulla suscipit ligula,2754,260
447,magnis dis,cubilia,2666,119
448,non sodales sed tincidunt eu felis,libero convallis eget eleifend luctus,1532,70
449,vivamus vestibulum sagittis sapien,aliquet maecenas leo,2829,82
450,vitae mattis nibh ligula nec,vestibulum proin eu mi nulla ac enim in tempor turpis,2685,31
451,integer tincidunt ante,ante ipsum primis in faucibus orci luctus et ultrices,454,242
452,tempor convallis nulla neque libero convallis,pede posuere nonummy,2430,265
453,id,velit donec diam neque,1942,67
454,nullam molestie nibh in lectus,vulputate,1267,240
455,semper,vestibulum,678,118
456,lacus curabitur at ipsum,eleifend donec ut dolor morbi vel lectus,451,10
457,pede ullamcorper,ut blandit non interdum in ante vestibulum ante ipsum primis,459,227
458,ipsum ac tellus semper interdum,mus etiam vel augue vestibulum rutrum rutrum neque aenean,1750,171
459,consequat metus sapien ut nunc vestibulum,orci pede venenatis non sodales sed,2431,255
460,turpis nec euismod scelerisque quam turpis,posuere cubilia curae mauris viverra diam vitae quam,468,90
461,massa id lobortis convallis tortor risus,ut massa volutpat convallis morbi odio,459,52
462,vestibulum sagittis sapien cum sociis,placerat ante nulla justo aliquam,599,30
463,suscipit nulla,curabitur,2021,15
464,varius nulla facilisi cras,ipsum ac tellus semper interdum mauris ullamcorper purus sit,1742,43
465,lacus curabitur at ipsum ac tellus,elementum nullam varius nulla facilisi cras,1103,107
466,est quam,vel sem sed sagittis nam congue risus semper porta volutpat,2738,286
467,rhoncus dui,interdum mauris ullamcorper purus sit amet nulla quisque,232,292
468,nec sem duis aliquam convallis nunc,ut,1891,71
469,eget massa tempor convallis nulla,nec nisi vulputate nonummy maecenas tincidunt lacus at velit,1557,96
470,porttitor lorem id ligula,sollicitudin,399,124
471,a,sit amet diam in magna,2488,272
472,rutrum rutrum neque,imperdiet nullam orci pede venenatis non sodales sed tincidunt,2563,18
473,vestibulum aliquet ultrices erat tortor,sit,1362,72
474,at diam nam tristique,amet nunc viverra dapibus nulla suscipit ligula in,565,120
475,viverra eget congue,morbi porttitor lorem id ligula suspendisse ornare consequat lectus in,1110,265
476,curae duis faucibus,vel est donec odio justo,2920,243
477,condimentum curabitur in libero,quisque,960,144
478,nulla elit ac,augue vestibulum,1079,33
479,nunc rhoncus dui,odio elementum eu interdum eu tincidunt in leo,2049,266
480,vivamus,nulla elit,790,69
481,vulputate luctus cum sociis natoque penatibus,molestie nibh in,1681,209
482,venenatis lacinia aenean sit amet justo,integer,2069,138
483,rutrum neque aenean auctor gravida,ipsum primis in faucibus,455,251
484,sit amet,lorem vitae mattis nibh ligula nec sem duis aliquam convallis,871,155
485,enim sit,in faucibus orci luctus,2375,125
486,eget tempus,a suscipit nulla elit ac nulla sed vel,1494,101
487,ac est lacinia nisi,vel nisl duis ac nibh fusce lacus purus,504,171
488,duis consequat dui nec nisi volutpat,quam,2090,233
489,quis augue,pellentesque ultrices,953,21
490,sed vestibulum sit amet,semper est,2704,37
491,posuere cubilia curae donec pharetra magna,aliquam non mauris morbi non lectus,1451,174
492,in eleifend quam a odio,habitasse platea,1298,252
493,pede justo eu massa donec,morbi,46,167
494,congue vivamus metus arcu adipiscing,viverra,71,230
495,nulla sed accumsan felis ut,eu mi nulla ac enim in tempor turpis nec euismod,2327,90
496,donec,ultrices aliquet maecenas leo odio condimentum id luctus nec molestie,424,255
497,ligula pellentesque,consequat ut nulla sed accumsan felis ut at dolor quis,2962,144
498,interdum venenatis,duis bibendum felis,909,121
499,mauris laoreet ut,iaculis congue vivamus metus arcu adipiscing molestie hendrerit at,161,28
500,purus sit amet nulla quisque arcu,iaculis congue vivamus metus arcu adipiscing molestie hendrerit,1950,258
501,cubilia curae donec pharetra,in ante vestibulum ante ipsum primis in faucibus orci luctus,324,125
502,condimentum neque sapien,sed accumsan felis ut at dolor,2365,292
503,ac neque,parturient montes nascetur ridiculus,1425,298
504,felis ut at dolor quis odio,rhoncus aliquet pulvinar sed nisl nunc rhoncus dui vel sem,53,192
505,nulla elit ac,id massa id nisl,1965,100
506,sed,in faucibus,915,139
507,dignissim vestibulum vestibulum ante,ante nulla justo,2434,43
508,ultrices erat tortor sollicitudin mi sit,nullam porttitor lacus at,622,34
509,venenatis,rhoncus,579,162
510,mauris enim leo rhoncus sed,venenatis turpis enim blandit mi in porttitor pede justo,2508,133
511,sit amet,ipsum aliquam non mauris morbi non,1548,132
512,nunc proin at turpis a,natoque,236,17
513,quis tortor id nulla ultrices,quisque ut erat curabitur gravida nisi at nibh in hac,916,260
514,adipiscing elit proin risus praesent,in hac habitasse platea dictumst etiam faucibus cursus,1908,99
515,pellentesque ultrices mattis odio donec vitae,tincidunt nulla mollis molestie lorem,1538,21
516,suspendisse potenti in eleifend,ultricies eu,2955,263
517,vestibulum proin,vel augue,903,273
518,eleifend,donec,1016,49
519,luctus et ultrices posuere cubilia curae,tempus vel pede,880,64
520,nulla tempus vivamus,nulla mollis molestie lorem quisque ut erat curabitur gravida nisi,2993,171
521,mauris non ligula,elementum ligula vehicula consequat morbi,2640,216
522,eu massa donec dapibus,eu est,2803,139
523,tempus,congue etiam justo etiam pretium,772,234
524,mattis pulvinar nulla pede ullamcorper,phasellus in felis donec semper sapien,1715,27
525,tincidunt,consequat ut,1258,242
526,ante ipsum primis in,in hac habitasse,787,41
527,risus dapibus augue vel accumsan tellus,vivamus,617,132
528,penatibus et magnis dis,vel dapibus at diam nam tristique,1490,264
529,aliquam sit,lectus,143,127
530,eget tempus,ante ipsum primis in faucibus orci luctus,2691,108
531,ipsum primis in faucibus orci luctus,vel nulla eget,2351,175
532,at,phasellus in felis donec semper sapien a,2100,151
533,auctor sed tristique in,in faucibus orci luctus,364,143
534,ac est lacinia nisi,ridiculus mus etiam vel augue vestibulum rutrum,2936,163
535,non pretium,ipsum dolor sit amet consectetuer adipiscing elit,137,65
536,laoreet ut,ultrices enim lorem ipsum dolor sit amet consectetuer,183,287
537,et commodo vulputate,in porttitor pede justo,2340,270
538,eros,massa id nisl venenatis lacinia aenean sit amet,874,9
539,nibh,sit amet,96,169
540,molestie,eu sapien cursus vestibulum proin eu mi nulla ac,745,283
541,mauris eget massa,diam,2316,38
542,sit amet consectetuer,nunc proin at turpis a pede,470,230
543,vulputate vitae nisl aenean lectus,nunc rhoncus dui vel,2751,43
544,volutpat convallis morbi odio odio,turpis a pede posuere nonummy integer non velit,1842,147
545,sit amet eros suspendisse accumsan,lobortis ligula sit amet eleifend pede libero quis,232,194
546,nam ultrices,massa tempor convallis nulla neque libero convallis eget eleifend,639,137
547,quis libero,neque aenean,1305,78
548,tellus semper interdum,libero non mattis,2760,16
549,sociis natoque penatibus,ante vel ipsum praesent blandit lacinia erat vestibulum,2736,239
550,aliquet pulvinar,etiam vel augue vestibulum rutrum rutrum neque,517,106
551,rhoncus aliquam lacus morbi quis,nisl,1656,183
552,hac habitasse platea dictumst,consequat ut nulla sed accumsan,462,87
553,enim,tincidunt eu felis fusce posuere felis sed lacus morbi,2731,180
554,natoque penatibus et magnis,facilisi cras non velit nec,2205,40
555,justo morbi ut odio cras,ut dolor morbi vel lectus in quam fringilla rhoncus,2314,96
556,donec,dolor,1247,162
557,pharetra magna vestibulum aliquet,ultrices,1888,223
558,rutrum,quis turpis eget elit sodales scelerisque mauris sit,650,271
559,convallis nunc proin at turpis a,ut suscipit a feugiat et eros vestibulum ac,1656,188
560,in quam fringilla rhoncus mauris enim,nullam varius nulla facilisi cras non velit nec nisi,2922,298
561,eleifend,sit amet turpis elementum ligula vehicula consequat morbi a ipsum,236,190
562,fusce,leo odio porttitor id consequat in consequat ut nulla,2044,184
563,nulla nisl nunc,convallis morbi odio odio elementum eu interdum eu tincidunt,2839,248
564,ac nulla sed,purus,138,46
565,dis parturient,donec quis orci eget orci vehicula condimentum curabitur,333,103
566,fringilla rhoncus mauris enim leo,vestibulum velit id pretium iaculis diam erat fermentum justo nec,2549,103
567,orci luctus,lobortis sapien sapien non mi,2312,137
568,erat eros,praesent blandit lacinia erat vestibulum sed magna at nunc,222,286
569,venenatis lacinia aenean sit,justo morbi ut odio,170,286
570,tellus nulla ut,consequat in consequat,1901,132
571,molestie hendrerit,semper interdum mauris ullamcorper,1487,61
572,vitae ipsum aliquam non,ligula suspendisse ornare consequat lectus in est risus auctor,657,170
573,amet eleifend pede libero quis orci,nibh fusce lacus purus aliquet at feugiat non,1036,294
574,accumsan tortor quis turpis sed ante,sit amet consectetuer adipiscing,1763,252
575,at lorem integer tincidunt ante,pharetra magna ac consequat,564,51
576,convallis eget eleifend,nullam molestie,1550,262
577,ornare,consectetuer,669,169
578,iaculis,nisi volutpat eleifend donec ut dolor morbi vel lectus in,781,282
579,quam a odio,luctus ultricies eu,2405,257
580,morbi vestibulum velit id pretium,maecenas leo odio condimentum id luctus nec molestie,215,288
581,a nibh in quis justo maecenas,nunc commodo placerat praesent,965,164
582,neque vestibulum eget vulputate,sit amet nulla quisque arcu libero,2312,158
583,in eleifend quam a odio,magna bibendum imperdiet nullam orci pede venenatis,322,69
584,sed nisl,quam pharetra magna ac consequat,1885,298
585,blandit ultrices enim lorem ipsum dolor,at vulputate vitae,1781,97
586,faucibus,natoque penatibus et,2513,85
587,eget congue eget,semper sapien a libero nam dui,914,134
588,potenti,maecenas leo odio condimentum id luctus nec molestie sed justo,1241,21
589,condimentum id luctus nec molestie,nulla integer pede justo lacinia eget tincidunt eget,815,58
590,adipiscing elit proin,vestibulum quam sapien varius ut blandit non interdum in,1753,290
591,erat curabitur gravida nisi at,nonummy maecenas tincidunt lacus at velit vivamus vel,2756,203
592,sit amet nulla quisque,dictumst maecenas ut massa quis augue luctus tincidunt nulla mollis,1050,13
593,sed nisl nunc rhoncus,maecenas leo odio condimentum id luctus nec molestie sed justo,1416,83
594,in quis justo maecenas,id ornare,2280,240
595,amet nulla quisque arcu libero rutrum,eget congue eget semper rutrum nulla,2132,134
596,primis in faucibus,curabitur in libero ut massa,776,90
597,velit donec diam neque,vel enim sit amet,1568,144
598,nulla nunc purus phasellus in felis,molestie nibh in lectus pellentesque,1492,71
599,bibendum imperdiet nullam,ut at dolor quis odio consequat varius,2312,158
600,aliquet,amet sapien dignissim,1756,287
601,libero,nec sem duis aliquam convallis nunc proin at turpis,2509,67
602,eget nunc donec quis orci,quis augue luctus,461,174
603,pede,congue,2785,193
604,suscipit a feugiat et,eleifend pede libero quis orci nullam molestie nibh in,2731,51
605,urna pretium nisl ut,cras in purus eu magna vulputate luctus,2466,80
606,nisi volutpat,primis in faucibus orci luctus et ultrices posuere cubilia,346,274
607,pharetra magna vestibulum,cubilia curae mauris viverra diam vitae quam suspendisse,2015,209
608,ac,nec nisi vulputate nonummy maecenas,1760,233
609,ipsum primis,ligula pellentesque ultrices phasellus id sapien in sapien iaculis,916,279
610,placerat praesent,lectus pellentesque eget nunc donec quis orci,68,7
611,elementum pellentesque quisque porta volutpat erat,in faucibus orci luctus et ultrices posuere cubilia curae nulla,1214,120
612,id ornare imperdiet sapien urna,eget nunc donec quis orci eget orci vehicula condimentum curabitur,2786,131
613,congue vivamus metus arcu,dapibus duis at velit eu est congue,1197,183
614,ipsum aliquam non,dignissim vestibulum vestibulum ante ipsum primis,1429,300
615,lorem id ligula suspendisse,diam,732,137
616,curabitur in libero ut massa volutpat,in libero ut massa volutpat convallis morbi odio,682,144
617,curabitur gravida nisi,erat nulla tempus vivamus in felis eu sapien cursus,2437,198
618,nam tristique tortor eu pede,nullam,1572,230
619,viverra eget congue,ultrices posuere cubilia curae,599,27
620,nonummy maecenas tincidunt lacus,diam erat fermentum justo nec,544,217
621,luctus rutrum nulla,gravida sem praesent id,943,184
622,odio elementum eu interdum eu,vivamus in felis eu,2774,284
623,risus,nam dui proin leo odio porttitor,521,110
624,iaculis justo in,curabitur in libero ut massa volutpat convallis,1343,88
625,proin eu mi,eget nunc donec quis orci eget orci vehicula condimentum,880,291
626,gravida,donec,1037,120
627,suspendisse potenti in eleifend quam a,duis at velit eu est congue elementum,1180,245
628,non mattis pulvinar,lectus,2294,283
629,dui proin leo,congue eget semper rutrum nulla nunc purus phasellus in,2597,230
630,metus,pede ullamcorper augue a suscipit nulla,722,13
631,sit amet lobortis sapien sapien,dui vel nisl duis,1723,169
632,ut rhoncus aliquet pulvinar,integer ac neque duis bibendum,1870,43
633,turpis integer aliquet massa id,lacus curabitur at ipsum ac tellus semper interdum mauris ullamcorper,1038,258
634,orci pede venenatis non,quisque,1502,94
635,ligula nec sem duis,eleifend luctus ultricies eu nibh quisque id justo sit amet,1531,264
636,volutpat quam,curae donec pharetra magna vestibulum aliquet ultrices erat tortor,1191,77
637,orci nullam molestie nibh,orci luctus,2474,38
638,sodales sed tincidunt eu felis fusce,sed nisl nunc rhoncus dui vel sem sed,1826,71
639,lobortis est phasellus sit amet erat,vel sem sed sagittis nam congue risus semper porta,2506,141
640,risus semper porta,vitae quam suspendisse potenti nullam porttitor lacus at turpis donec,2144,125
641,velit eu est congue elementum in,at diam nam tristique tortor,2087,145
642,lacinia,duis faucibus accumsan odio curabitur convallis,2846,252
643,hac habitasse platea dictumst aliquam augue,justo lacinia eget,47,119
644,integer ac leo pellentesque,cursus vestibulum proin eu mi nulla,252,9
645,eros elementum pellentesque,in,2056,37
646,sit amet lobortis,cubilia curae nulla dapibus dolor,2875,19
647,ipsum aliquam non mauris morbi,vel,848,279
648,at turpis,iaculis justo in hac habitasse platea,2219,71
649,nunc commodo placerat,amet,2110,36
650,in lacus curabitur at ipsum,commodo placerat praesent blandit nam nulla,2669,115
651,tincidunt eget,dictumst morbi vestibulum velit id,2495,20
652,pellentesque,curae duis,1800,295
653,rutrum ac lobortis vel dapibus,sit amet nunc viverra dapibus nulla suscipit,328,75
654,tincidunt nulla mollis molestie,nibh in lectus pellentesque,422,73
655,risus dapibus augue vel accumsan,etiam vel augue vestibulum rutrum rutrum neque aenean auctor,932,280
656,tristique in,sem sed sagittis nam congue risus,1868,291
657,felis donec,erat nulla tempus vivamus in felis eu,2850,192
658,sed tincidunt eu felis fusce posuere,et ultrices posuere cubilia curae mauris,2032,190
659,libero ut massa,risus praesent lectus vestibulum quam sapien varius,1459,236
660,et ultrices posuere,nullam varius nulla,2302,265
661,morbi odio odio elementum eu,imperdiet nullam orci pede venenatis non sodales sed tincidunt eu,1807,202
662,ut massa,adipiscing molestie hendrerit,749,106
663,pharetra magna,nibh,223,231
664,dapibus duis at velit eu est,interdum venenatis,500,276
665,magna,nunc viverra dapibus nulla suscipit ligula,1776,32
666,quisque erat eros viverra,sodales sed tincidunt eu felis fusce posuere felis sed lacus,2728,97
667,venenatis non sodales sed tincidunt,faucibus cursus,1891,38
668,metus,enim,398,264
669,nulla neque libero,nisl venenatis lacinia aenean,187,165
670,curabitur,blandit non,1326,204
671,nisl nunc rhoncus,et magnis dis parturient montes nascetur ridiculus mus vivamus vestibulum,2628,108
672,est et tempus,malesuada in imperdiet et commodo,284,37
673,bibendum imperdiet nullam,id ligula suspendisse ornare consequat lectus in est risus auctor,1591,272
674,nunc proin at turpis,lorem ipsum dolor sit amet consectetuer adipiscing,665,154
675,aliquam,quisque erat eros viverra eget,2812,209
676,eros vestibulum ac est lacinia,cras in purus eu magna vulputate,786,230
677,turpis eget elit sodales,ac neque,1574,32
678,etiam pretium iaculis justo in,consequat in,2343,85
679,vel,condimentum,2541,59
680,sapien dignissim,phasellus id,356,92
681,nonummy integer non,mauris ullamcorper purus sit amet,74,83
682,odio,magna at nunc commodo placerat praesent blandit nam,2273,22
683,nam tristique tortor,ipsum aliquam non mauris,2549,237
684,lectus pellentesque eget nunc donec quis,erat eros,931,220
685,facilisi cras,lorem,1389,179
686,aliquam augue quam sollicitudin vitae,quisque porta volutpat erat quisque erat eros viverra,373,141
687,arcu sed augue aliquam erat,ut,2213,291
688,pede justo lacinia eget tincidunt,pellentesque ultrices phasellus id sapien,1166,145
689,ut,integer ac neque duis bibendum morbi non quam,2412,102
690,cursus vestibulum proin eu mi nulla,maecenas tincidunt,1838,7
691,posuere,phasellus in felis donec semper,2822,87
692,cubilia curae nulla dapibus dolor,in eleifend quam a odio,1502,99
693,tristique in,duis consequat dui nec,2969,122
694,magna ac consequat metus sapien ut,duis ac nibh fusce lacus purus aliquet at feugiat,2473,109
695,interdum in ante vestibulum,vestibulum ante ipsum primis in faucibus orci luctus et,2884,242
696,eleifend pede,adipiscing molestie hendrerit at vulputate vitae,2193,241
697,nulla,erat tortor sollicitudin mi sit amet lobortis sapien sapien non,1807,202
698,rutrum nulla,id ornare imperdiet sapien urna pretium nisl ut,1154,124
699,vestibulum sed magna at nunc,donec quis orci eget orci vehicula,536,144
700,nec euismod,pretium iaculis diam erat,1707,112
701,donec,dui vel sem sed sagittis nam congue risus semper porta,2357,80
702,hac habitasse platea dictumst,nec,1797,41
703,turpis adipiscing,gravida nisi,1148,119
704,lectus pellentesque,congue risus semper porta volutpat quam pede lobortis,1799,274
705,amet erat nulla tempus vivamus in,sapien dignissim vestibulum vestibulum,986,15
706,proin,volutpat eleifend donec ut dolor morbi,105,168
707,malesuada in imperdiet et commodo,ac lobortis vel dapibus at diam nam,2020,138
708,in congue etiam,in felis eu sapien cursus vestibulum proin,1425,191
709,vel augue vestibulum ante ipsum primis,placerat praesent blandit nam nulla integer,643,231
710,cras,tempor,613,110
711,lobortis convallis tortor risus,augue aliquam,1325,93
712,ipsum ac tellus semper interdum mauris,integer ac,1722,249
713,leo odio,proin risus praesent lectus vestibulum quam sapien varius,2683,163
714,quis,auctor sed tristique in tempus sit amet sem,989,300
715,venenatis,mollis molestie lorem quisque ut,398,57
716,mattis egestas metus aenean,vulputate nonummy maecenas tincidunt lacus at velit,2951,11
717,nisi vulputate nonummy,mi sit,728,12
718,dolor quis odio,eleifend donec ut dolor morbi,1865,3
719,molestie nibh in lectus,amet justo morbi ut odio cras,515,248
720,faucibus,adipiscing molestie hendrerit at vulputate vitae nisl,1760,109
721,faucibus,in lacus curabitur at ipsum ac tellus semper interdum,1642,205
722,sed,vulputate,526,134
723,maecenas pulvinar,nisl venenatis,359,298
724,id sapien in sapien iaculis congue,libero nam dui proin,2675,65
725,lorem integer tincidunt ante vel ipsum,varius ut blandit non interdum in ante vestibulum ante ipsum,1569,62
726,nullam varius nulla facilisi,curae donec pharetra magna vestibulum,1171,20
727,porta volutpat quam,dictumst maecenas,478,214
728,aliquet at feugiat non pretium,nisl ut,216,126
729,pellentesque quisque porta,curae nulla dapibus dolor vel,2878,12
730,aliquet massa,sapien,914,17
731,dignissim vestibulum vestibulum,dolor sit amet,1635,232
732,in lectus pellentesque at nulla suspendisse,lobortis convallis tortor risus dapibus augue vel accumsan tellus,2824,199
733,vivamus in felis eu sapien cursus,porttitor lacus at turpis donec posuere metus vitae,2274,257
734,vestibulum sit amet cursus id turpis,posuere,2065,90
735,nisi venenatis,duis consequat dui nec nisi volutpat eleifend donec ut,2790,142
736,consequat morbi a ipsum integer,nulla dapibus dolor vel est,2522,208
737,ultrices posuere cubilia curae,sit amet nunc viverra dapibus nulla suscipit ligula in,721,10
738,luctus,in lacus curabitur at ipsum ac tellus,2233,21
739,turpis donec posuere metus,ut erat id mauris vulputate elementum nullam varius nulla,2040,175
740,urna ut tellus nulla,vestibulum sagittis sapien cum,2510,159
741,vel augue vestibulum rutrum rutrum neque,augue quam sollicitudin vitae consectetuer eget rutrum,1418,53
742,blandit,sed vestibulum,984,297
743,platea dictumst morbi vestibulum velit,mi sit amet lobortis,1823,239
744,integer non velit,ut blandit non interdum in ante vestibulum ante ipsum primis,1479,95
745,platea,eget eros elementum,1750,61
746,sit amet nulla quisque arcu libero,leo odio porttitor id consequat in consequat ut nulla sed,2834,20
747,praesent id massa,duis faucibus accumsan odio,2614,157
748,lectus in quam fringilla rhoncus,id luctus nec molestie sed justo pellentesque,1826,296
749,sed tincidunt eu felis fusce posuere,sapien a libero nam dui proin leo odio porttitor,237,229
750,natoque penatibus et magnis dis,ipsum primis in faucibus orci,1256,226
751,sit amet,amet lobortis,249,76
752,morbi non quam nec dui,vivamus metus arcu adipiscing molestie hendrerit,2294,265
753,quis augue luctus,placerat ante nulla justo aliquam quis turpis eget,1438,48
754,posuere cubilia curae duis faucibus accumsan,proin eu mi nulla ac,1439,230
755,sit,magna vestibulum aliquet ultrices,148,47
756,morbi ut odio cras mi,quis tortor id nulla,261,154
757,duis bibendum morbi non,posuere cubilia curae donec pharetra magna vestibulum aliquet ultrices erat,1270,141
758,mauris,molestie sed justo pellentesque viverra pede ac,1196,157
759,ipsum primis in,mauris laoreet ut rhoncus aliquet pulvinar sed nisl,134,100
760,sem fusce consequat nulla,aliquet ultrices erat tortor sollicitudin mi sit amet lobortis,2712,77
761,vel,lacus at velit vivamus vel nulla eget eros,2274,155
762,nec nisi vulputate nonummy maecenas,sed tincidunt eu felis fusce posuere felis sed,2177,57
763,eget,consequat varius integer ac leo pellentesque ultrices mattis,2838,113
764,nam dui proin leo odio,felis sed,167,16
765,turpis,mauris vulputate elementum,131,62
766,elit proin risus praesent lectus vestibulum,nonummy maecenas tincidunt lacus at velit vivamus vel,1476,87
767,nulla quisque arcu libero rutrum ac,duis ac nibh fusce,284,296
768,diam,vulputate vitae nisl,187,202
769,suscipit a feugiat et eros,in faucibus orci luctus,68,183
770,lectus,consectetuer eget rutrum at lorem,1944,166
771,lacus curabitur at,dictumst aliquam augue quam sollicitudin vitae consectetuer eget rutrum at,2721,250
772,sapien arcu,magnis,1208,121
773,in hac,mi pede malesuada in imperdiet et commodo vulputate justo,2037,153
774,ac neque duis bibendum morbi non,magna at,1488,197
775,sodales sed,nisi venenatis tristique fusce congue diam id ornare imperdiet,2682,289
776,nisi eu orci mauris lacinia,pede ac diam cras,2385,50
777,egestas metus aenean fermentum donec ut,tortor quis turpis sed,253,240
778,cubilia curae duis faucibus,eget rutrum at,2384,194
779,dolor vel est,sapien a libero nam dui proin leo odio porttitor,172,78
780,sodales sed tincidunt eu,orci luctus et ultrices posuere cubilia,1403,268
781,lorem quisque ut,consectetuer eget rutrum,2438,50
782,varius,consequat lectus,1617,287
783,lectus,id turpis integer aliquet massa id lobortis convallis tortor risus,1215,224
784,tempus vivamus in felis eu,mi nulla ac enim in tempor turpis nec euismod scelerisque,1446,119
785,condimentum,ipsum primis in faucibus orci luctus,2789,92
786,porta volutpat quam pede lobortis ligula,vel nisl duis ac nibh,138,270
787,interdum,ipsum aliquam non mauris,2881,21
788,natoque,tincidunt,1744,261
789,libero non mattis pulvinar,tincidunt ante vel ipsum praesent blandit lacinia erat,1849,57
790,risus auctor sed tristique in,semper est,302,169
791,etiam faucibus cursus urna,leo odio porttitor id consequat in consequat,2167,285
792,consequat metus,lacus purus aliquet at,806,280
793,pede justo,turpis,1618,298
794,vulputate justo in blandit,nibh in hac habitasse platea dictumst,193,268
795,eros viverra eget congue eget,accumsan tellus nisi eu,440,8
796,vestibulum vestibulum,a pede posuere nonummy,2429,44
797,lorem,platea dictumst etiam,2560,247
798,porta,pede,258,70
799,mi in porttitor pede justo eu,ante ipsum primis in,1227,281
800,ipsum primis in faucibus orci,blandit mi in porttitor pede justo eu massa,133,1
